z_def,mode,threshold,horizon,timing,n,mean,median,std,hit_rate,avg_win,avg_loss,profit_factor,sharpe_per_trade,t_stat,breakeven_bps,max_drawdown
signal_blend,momentum,1.5,ret_close,BMO,4,0.013297250000000004,0.0112435,0.014808597646299937,0.75,0.018561333333333336,-0.002495,22.318236472945898,0.8979412039952643,1.7958824079905287,172.97250000000003,0.0
signal_blend,momentum,1.5,ret_close,ALL,4,0.013297250000000004,0.0112435,0.014808597646299937,0.75,0.018561333333333336,-0.002495,22.318236472945898,0.8979412039952643,1.7958824079905287,172.97250000000003,0.0
signal_blend,momentum,1.5,ret_open+120m,BMO,4,0.013242249999999997,0.008858,0.020051803034058225,0.5,0.028978999999999998,-0.0024945,11.617157747043494,0.6604019587419584,1.3208039174839168,172.42249999999999,0.004
signal_blend,momentum,1.5,ret_open+120m,ALL,4,0.013242249999999997,0.008858,0.020051803034058225,0.5,0.028978999999999998,-0.0024945,11.617157747043494,0.6604019587419584,1.3208039174839168,172.42249999999999,0.004
signal_blend,momentum,3.0,ret_t1_close,BMO,1,0.012667000000000001,0.012667000000000001,0.0,1.0,0.012667000000000001,0.0,inf,0.0,0.0,166.67000000000002,0.0
signal_blend,momentum,3.0,ret_t1_close,ALL,1,0.012667000000000001,0.012667000000000001,0.0,1.0,0.012667000000000001,0.0,inf,0.0,0.0,166.67000000000002,0.0
signal_blend,momentum,3.0,ret_close,ALL,1,0.012667000000000001,0.012667000000000001,0.0,1.0,0.012667000000000001,0.0,inf,0.0,0.0,166.67000000000002,0.0
signal_blend,momentum,3.0,ret_close,BMO,1,0.012667000000000001,0.012667000000000001,0.0,1.0,0.012667000000000001,0.0,inf,0.0,0.0,166.67000000000002,0.0
signal_blend,momentum,2.5,ret_t1_close,BMO,1,0.012667000000000001,0.012667000000000001,0.0,1.0,0.012667000000000001,0.0,inf,0.0,0.0,166.67000000000002,0.0
signal_blend,momentum,2.5,ret_t1_close,ALL,1,0.012667000000000001,0.012667000000000001,0.0,1.0,0.012667000000000001,0.0,inf,0.0,0.0,166.67000000000002,0.0
level_z,momentum,3.0,ret_t1_close,ALL,1,0.012667000000000001,0.012667000000000001,0.0,1.0,0.012667000000000001,0.0,inf,0.0,0.0,166.67000000000002,0.0
level_z,momentum,3.0,ret_t1_close,BMO,1,0.012667000000000001,0.012667000000000001,0.0,1.0,0.012667000000000001,0.0,inf,0.0,0.0,166.67000000000002,0.0
level_z,momentum,3.0,ret_close,ALL,1,0.012667000000000001,0.012667000000000001,0.0,1.0,0.012667000000000001,0.0,inf,0.0,0.0,166.67000000000002,0.0
level_z,momentum,3.0,ret_close,BMO,1,0.012667000000000001,0.012667000000000001,0.0,1.0,0.012667000000000001,0.0,inf,0.0,0.0,166.67000000000002,0.0
signal_blend,momentum,2.5,ret_close,BMO,1,0.012667000000000001,0.012667000000000001,0.0,1.0,0.012667000000000001,0.0,inf,0.0,0.0,166.67000000000002,0.0
signal_blend,momentum,2.5,ret_close,ALL,1,0.012667000000000001,0.012667000000000001,0.0,1.0,0.012667000000000001,0.0,inf,0.0,0.0,166.67000000000002,0.0
signal_blend,momentum,1.5,ret_open+60m,ALL,4,0.011328749999999999,0.005896499999999999,0.018928777234236062,0.5,0.025152,-0.0024945,10.082982561635598,0.5984934927286237,1.1969869854572475,153.2875,0.004
signal_blend,momentum,1.5,ret_open+60m,BMO,4,0.011328749999999999,0.005896499999999999,0.018928777234236062,0.5,0.025152,-0.0024945,10.082982561635598,0.5984934927286237,1.1969869854572475,153.2875,0.004
drift_z,momentum,2.5,ret_close,ALL,2,0.0112435,0.0112435,0.0020131330060381013,1.0,0.0112435,0.0,inf,5.5850755843139765,7.898489638215664,152.435,0.0
drift_z,momentum,2.5,ret_close,BMO,2,0.0112435,0.0112435,0.0020131330060381013,1.0,0.0112435,0.0,inf,5.5850755843139765,7.898489638215664,152.435,0.0
drift_z,momentum,3.0,ret_close,ALL,2,0.0112435,0.0112435,0.0020131330060381013,1.0,0.0112435,0.0,inf,5.5850755843139765,7.898489638215664,152.435,0.0
drift_z,momentum,3.0,ret_close,BMO,2,0.0112435,0.0112435,0.0020131330060381013,1.0,0.0112435,0.0,inf,5.5850755843139765,7.898489638215664,152.435,0.0
signal_blend,momentum,2.0,ret_close,BMO,2,0.0112435,0.0112435,0.0020131330060381013,1.0,0.0112435,0.0,inf,5.5850755843139765,7.898489638215664,152.435,0.0
signal_blend,momentum,2.0,ret_close,ALL,2,0.0112435,0.0112435,0.0020131330060381013,1.0,0.0112435,0.0,inf,5.5850755843139765,7.898489638215664,152.435,0.0
level_z,fade,1.5,ret_t1_close,BMO,8,0.008982749999999998,0.0011815000000000003,0.029098313047568335,0.5,0.030414249999999997,-0.01244875,2.4431569434682197,0.3087034628198373,0.8731452477427049,129.8275,0.02466700000000001
level_z,fade,1.5,ret_t1_close,ALL,8,0.008982749999999998,0.0011815000000000003,0.029098313047568335,0.5,0.030414249999999997,-0.01244875,2.4431569434682197,0.3087034628198373,0.8731452477427049,129.8275,0.02466700000000001
signal_blend,fade,1.0,ret_t1_close,ALL,7,0.007509142857142855,0.006363000000000001,0.017404981963301692,0.7142857142857143,0.015446199999999998,-0.0123335,3.130944176430048,0.43143640556340945,1.141473435660385,115.09142857142855,0.02466700000000001
signal_blend,fade,1.0,ret_t1_close,BMO,7,0.007509142857142855,0.006363000000000001,0.017404981963301692,0.7142857142857143,0.015446199999999998,-0.0123335,3.130944176430048,0.43143640556340945,1.141473435660385,115.09142857142855,0.02466700000000001
drift_z,momentum,3.0,ret_open+120m,ALL,2,0.0073525,0.0073525,0.01605485946684056,0.5,0.018705,-0.004,4.67625,0.4579610313740666,0.6476547016075755,113.52499999999999,0.0
drift_z,momentum,3.0,ret_open+120m,BMO,2,0.0073525,0.0073525,0.01605485946684056,0.5,0.018705,-0.004,4.67625,0.4579610313740666,0.6476547016075755,113.52499999999999,0.0
signal_blend,momentum,2.0,ret_open+120m,ALL,2,0.0073525,0.0073525,0.01605485946684056,0.5,0.018705,-0.004,4.67625,0.4579610313740666,0.6476547016075755,113.52499999999999,0.0
signal_blend,momentum,2.0,ret_open+120m,BMO,2,0.0073525,0.0073525,0.01605485946684056,0.5,0.018705,-0.004,4.67625,0.4579610313740666,0.6476547016075755,113.52499999999999,0.0
drift_z,momentum,2.5,ret_open+120m,ALL,2,0.0073525,0.0073525,0.01605485946684056,0.5,0.018705,-0.004,4.67625,0.4579610313740666,0.6476547016075755,113.52499999999999,0.0
drift_z,momentum,2.5,ret_open+120m,BMO,2,0.0073525,0.0073525,0.01605485946684056,0.5,0.018705,-0.004,4.67625,0.4579610313740666,0.6476547016075755,113.52499999999999,0.0
drift_z,momentum,2.0,ret_open+120m,BMO,5,0.006981799999999999,-0.0009890000000000003,0.022305207344922844,0.4,0.028978999999999998,-0.007683,2.514555946028027,0.313012109326534,0.6999163542347261,109.818,0.004989
drift_z,momentum,2.0,ret_open+120m,ALL,5,0.006981799999999999,-0.0009890000000000003,0.022305207344922844,0.4,0.028978999999999998,-0.007683,2.514555946028027,0.313012109326534,0.6999163542347261,109.818,0.004989
drift_z,fade,1.0,ret_t1_close,ALL,12,0.006881666666666665,0.004257,0.021344179408121094,0.5833333333333334,0.02122857142857143,-0.013203999999999999,2.250833080884581,0.3224142064720609,1.1168755733832236,108.81666666666665,0.031671
drift_z,fade,1.0,ret_t1_close,BMO,12,0.006881666666666665,0.004257,0.021344179408121094,0.5833333333333334,0.02122857142857143,-0.013203999999999999,2.250833080884581,0.3224142064720609,1.1168755733832236,108.81666666666665,0.031671
drift_z,momentum,2.0,ret_close,BMO,5,0.006850200000000001,0.00982,0.019294900665719948,0.6,0.018561333333333336,-0.0107165,2.5980497363878134,0.3550264455193763,0.7938632659914511,108.50200000000001,0.0024950000000000007
drift_z,momentum,2.0,ret_close,ALL,5,0.006850200000000001,0.00982,0.019294900665719948,0.6,0.018561333333333336,-0.0107165,2.5980497363878134,0.3550264455193763,0.7938632659914511,108.50200000000001,0.0024950000000000007
level_z,momentum,2.0,ret_close,ALL,3,0.005827666666666668,0.00982,0.009487892512741349,0.6666666666666666,0.0112435,-0.005004,4.493804956035172,0.6142214046839863,1.0638626800089885,98.27666666666669,0.0
level_z,momentum,2.0,ret_close,BMO,3,0.005827666666666668,0.00982,0.009487892512741349,0.6666666666666666,0.0112435,-0.005004,4.493804956035172,0.6142214046839863,1.0638626800089885,98.27666666666669,0.0
level_z,momentum,2.5,ret_close,ALL,3,0.005827666666666668,0.00982,0.009487892512741349,0.6666666666666666,0.0112435,-0.005004,4.493804956035172,0.6142214046839863,1.0638626800089885,98.27666666666669,0.0
level_z,momentum,2.5,ret_close,BMO,3,0.005827666666666668,0.00982,0.009487892512741349,0.6666666666666666,0.0112435,-0.005004,4.493804956035172,0.6142214046839863,1.0638626800089885,98.27666666666669,0.0
drift_z,momentum,2.0,ret_open+60m,BMO,5,0.0058026,-0.0009890000000000003,0.020528410186860552,0.4,0.025152,-0.007097,2.362688459912639,0.28266192789318,0.6320512854202945,98.026,0.004989
drift_z,momentum,2.0,ret_open+60m,ALL,5,0.0058026,-0.0009890000000000003,0.020528410186860552,0.4,0.025152,-0.007097,2.362688459912639,0.28266192789318,0.6320512854202945,98.026,0.004989
signal_blend,momentum,1.5,ret_open+30m,BMO,4,0.0055795,0.0039135,0.010548273934630254,0.5,0.014155500000000001,-0.0029965,4.724011346571,0.5289490995946132,1.0578981991892265,95.79500000000002,0.004
signal_blend,momentum,1.5,ret_open+30m,ALL,4,0.0055795,0.0039135,0.010548273934630254,0.5,0.014155500000000001,-0.0029965,4.724011346571,0.5289490995946132,1.0578981991892265,95.79500000000002,0.004
drift_z,momentum,2.5,ret_open+60m,BMO,2,0.004390999999999999,0.004390999999999999,0.011866666001872639,0.5,0.012781999999999998,-0.004,3.1954999999999996,0.3700281106173436,0.5232987724943392,83.91,0.0
drift_z,momentum,2.5,ret_open+60m,ALL,2,0.004390999999999999,0.004390999999999999,0.011866666001872639,0.5,0.012781999999999998,-0.004,3.1954999999999996,0.3700281106173436,0.5232987724943392,83.91,0.0
drift_z,momentum,3.0,ret_open+60m,ALL,2,0.004390999999999999,0.004390999999999999,0.011866666001872639,0.5,0.012781999999999998,-0.004,3.1954999999999996,0.3700281106173436,0.5232987724943392,83.91,0.0
drift_z,momentum,3.0,ret_open+60m,BMO,2,0.004390999999999999,0.004390999999999999,0.011866666001872639,0.5,0.012781999999999998,-0.004,3.1954999999999996,0.3700281106173436,0.5232987724943392,83.91,0.0
signal_blend,momentum,2.0,ret_open+60m,ALL,2,0.004390999999999999,0.004390999999999999,0.011866666001872639,0.5,0.012781999999999998,-0.004,3.1954999999999996,0.3700281106173436,0.5232987724943392,83.91,0.0
signal_blend,momentum,2.0,ret_open+60m,BMO,2,0.004390999999999999,0.004390999999999999,0.011866666001872639,0.5,0.012781999999999998,-0.004,3.1954999999999996,0.3700281106173436,0.5232987724943392,83.91,0.0
signal_blend,momentum,2.0,ret_t1_close,ALL,2,0.0043335000000000005,0.0043335000000000005,0.011785348722036189,0.5,0.012667000000000001,-0.004,3.1667500000000004,0.3677023143063423,0.5200095998080039,83.33500000000001,0.004
signal_blend,momentum,2.0,ret_t1_close,BMO,2,0.0043335000000000005,0.0043335000000000005,0.011785348722036189,0.5,0.012667000000000001,-0.004,3.1667500000000004,0.3677023143063423,0.5200095998080039,83.33500000000001,0.004
drift_z,momentum,2.5,ret_t1_close,ALL,2,0.0043335000000000005,0.0043335000000000005,0.011785348722036189,0.5,0.012667000000000001,-0.004,3.1667500000000004,0.3677023143063423,0.5200095998080039,83.33500000000001,0.004
drift_z,momentum,2.5,ret_t1_close,BMO,2,0.0043335000000000005,0.0043335000000000005,0.011785348722036189,0.5,0.012667000000000001,-0.004,3.1667500000000004,0.3677023143063423,0.5200095998080039,83.33500000000001,0.004
drift_z,momentum,3.0,ret_t1_close,ALL,2,0.0043335000000000005,0.0043335000000000005,0.011785348722036189,0.5,0.012667000000000001,-0.004,3.1667500000000004,0.3677023143063423,0.5200095998080039,83.33500000000001,0.004
drift_z,momentum,3.0,ret_t1_close,BMO,2,0.0043335000000000005,0.0043335000000000005,0.011785348722036189,0.5,0.012667000000000001,-0.004,3.1667500000000004,0.3677023143063423,0.5200095998080039,83.33500000000001,0.004
level_z,momentum,2.5,ret_open+30m,BMO,3,0.004288,0.007044,0.007310591768112894,0.6666666666666666,0.008432,-0.004,4.216,0.5865462244388016,1.015927861715702,82.88,0.004
level_z,momentum,2.5,ret_open+30m,ALL,3,0.004288,0.007044,0.007310591768112894,0.6666666666666666,0.008432,-0.004,4.216,0.5865462244388016,1.015927861715702,82.88,0.004
level_z,momentum,2.0,ret_open+30m,ALL,3,0.004288,0.007044,0.007310591768112894,0.6666666666666666,0.008432,-0.004,4.216,0.5865462244388016,1.015927861715702,82.88,0.004
level_z,momentum,2.0,ret_open+30m,BMO,3,0.004288,0.007044,0.007310591768112894,0.6666666666666666,0.008432,-0.004,4.216,0.5865462244388016,1.015927861715702,82.88,0.004
drift_z,momentum,2.0,ret_open+30m,BMO,5,0.0040149999999999995,-0.001993,0.009782017353286591,0.4,0.014155500000000001,-0.0027453333333333336,3.437469645458961,0.4104470330602131,0.91778746708574,80.14999999999999,0.005993
drift_z,momentum,2.0,ret_open+30m,ALL,5,0.0040149999999999995,-0.001993,0.009782017353286591,0.4,0.014155500000000001,-0.0027453333333333336,3.437469645458961,0.4104470330602131,0.91778746708574,80.14999999999999,0.005993
drift_z,fade,1.5,ret_t1_close,BMO,6,0.0033195,0.004257,0.014699454938874434,0.6666666666666666,0.011146000000000001,-0.0123335,1.8074350346616939,0.22582469988197948,0.5531552860279982,73.195,0.024667
drift_z,fade,1.5,ret_t1_close,ALL,6,0.0033195,0.004257,0.014699454938874434,0.6666666666666666,0.011146000000000001,-0.0123335,1.8074350346616939,0.22582469988197948,0.5531552860279982,73.195,0.024667
signal_blend,momentum,2.0,ret_open+30m,BMO,2,0.0029100000000000003,0.0029100000000000003,0.009772215715998088,0.5,0.00982,-0.004,2.455,0.29778302941430584,0.4211287988422576,69.10000000000001,0.0
signal_blend,momentum,2.0,ret_open+30m,ALL,2,0.0029100000000000003,0.0029100000000000003,0.009772215715998088,0.5,0.00982,-0.004,2.455,0.29778302941430584,0.4211287988422576,69.10000000000001,0.0
drift_z,momentum,3.0,ret_open+30m,BMO,2,0.0029100000000000003,0.0029100000000000003,0.009772215715998088,0.5,0.00982,-0.004,2.455,0.29778302941430584,0.4211287988422576,69.10000000000001,0.0
drift_z,momentum,3.0,ret_open+30m,ALL,2,0.0029100000000000003,0.0029100000000000003,0.009772215715998088,0.5,0.00982,-0.004,2.455,0.29778302941430584,0.4211287988422576,69.10000000000001,0.0
drift_z,momentum,2.5,ret_open+30m,ALL,2,0.0029100000000000003,0.0029100000000000003,0.009772215715998088,0.5,0.00982,-0.004,2.455,0.29778302941430584,0.4211287988422576,69.10000000000001,0.0
drift_z,momentum,2.5,ret_open+30m,BMO,2,0.0029100000000000003,0.0029100000000000003,0.009772215715998088,0.5,0.00982,-0.004,2.455,0.29778302941430584,0.4211287988422576,69.10000000000001,0.0
level_z,momentum,2.5,ret_open+120m,ALL,3,0.0027316666666666665,-0.004,0.013890124489482927,0.3333333333333333,0.018705,-0.005255,1.779733587059943,0.19666250426588908,0.340629449332251,67.31666666666668,0.004
level_z,momentum,2.5,ret_open+120m,BMO,3,0.0027316666666666665,-0.004,0.013890124489482927,0.3333333333333333,0.018705,-0.005255,1.779733587059943,0.19666250426588908,0.340629449332251,67.31666666666668,0.004
level_z,momentum,2.0,ret_open+120m,ALL,3,0.0027316666666666665,-0.004,0.013890124489482927,0.3333333333333333,0.018705,-0.005255,1.779733587059943,0.19666250426588908,0.340629449332251,67.31666666666668,0.004
level_z,momentum,2.0,ret_open+120m,BMO,3,0.0027316666666666665,-0.004,0.013890124489482927,0.3333333333333333,0.018705,-0.005255,1.779733587059943,0.19666250426588908,0.340629449332251,67.31666666666668,0.004
level_z,fade,2.0,ret_t1_close,BMO,3,0.002659999999999998,-0.004,0.02727384001199684,0.3333333333333333,0.032646999999999995,-0.0123335,1.3235091417683542,0.09752935409278465,0.16892579651807862,66.59999999999998,0.024667
level_z,fade,2.0,ret_t1_close,ALL,3,0.002659999999999998,-0.004,0.02727384001199684,0.3333333333333333,0.032646999999999995,-0.0123335,1.3235091417683542,0.09752935409278465,0.16892579651807862,66.59999999999998,0.024667
level_z,fade,2.5,ret_t1_close,ALL,3,0.002659999999999998,-0.004,0.02727384001199684,0.3333333333333333,0.032646999999999995,-0.0123335,1.3235091417683542,0.09752935409278465,0.16892579651807862,66.59999999999998,0.024667
level_z,fade,2.5,ret_t1_close,BMO,3,0.002659999999999998,-0.004,0.02727384001199684,0.3333333333333333,0.032646999999999995,-0.0123335,1.3235091417683542,0.09752935409278465,0.16892579651807862,66.59999999999998,0.024667
level_z,fade,1.0,ret_t1_close,ALL,15,0.0024410666666666667,-0.009597000000000001,0.028840982426962865,0.4,0.03175316666666667,-0.017100333333333332,1.2379160900047435,0.08463881814180371,0.327804733105884,64.41066666666667,0.07168
level_z,fade,1.0,ret_t1_close,BMO,15,0.0024410666666666667,-0.009597000000000001,0.028840982426962865,0.4,0.03175316666666667,-0.017100333333333332,1.2379160900047435,0.08463881814180371,0.327804733105884,64.41066666666667,0.07168
level_z,momentum,2.5,ret_open+60m,BMO,3,0.002430666666666666,-0.00149,0.009051939092444962,0.3333333333333333,0.012781999999999998,-0.002745,2.3282331511839707,0.2685244169059178,0.4650979331538568,64.30666666666666,0.004
level_z,momentum,2.5,ret_open+60m,ALL,3,0.002430666666666666,-0.00149,0.009051939092444962,0.3333333333333333,0.012781999999999998,-0.002745,2.3282331511839707,0.2685244169059178,0.4650979331538568,64.30666666666666,0.004
level_z,momentum,2.0,ret_open+60m,BMO,3,0.002430666666666666,-0.00149,0.009051939092444962,0.3333333333333333,0.012781999999999998,-0.002745,2.3282331511839707,0.2685244169059178,0.4650979331538568,64.30666666666666,0.004
level_z,momentum,2.0,ret_open+60m,ALL,3,0.002430666666666666,-0.00149,0.009051939092444962,0.3333333333333333,0.012781999999999998,-0.002745,2.3282331511839707,0.2685244169059178,0.4650979331538568,64.30666666666666,0.004
level_z,momentum,1.0,ret_open+60m,ALL,17,0.0014718235294117646,-0.0011589999999999999,0.015370766056199404,0.35294117647058826,0.01672416666666667,-0.006847636363636364,1.3321783229780682,0.0957547284260528,0.39480685945294963,54.71823529411765,0.046638
level_z,momentum,1.0,ret_open+60m,BMO,17,0.0014718235294117646,-0.0011589999999999999,0.015370766056199404,0.35294117647058826,0.01672416666666667,-0.006847636363636364,1.3321783229780682,0.0957547284260528,0.39480685945294963,54.71823529411765,0.046638
level_z,momentum,1.0,ret_open+120m,ALL,17,0.00020035294117647033,-0.0011589999999999999,0.019175034673831675,0.4117647058823529,0.01873471428571428,-0.012773699999999999,1.0266641615193717,0.010448635143794217,0.04308082634140433,42.0035294117647,0.0654
level_z,momentum,1.0,ret_open+120m,BMO,17,0.00020035294117647033,-0.0011589999999999999,0.019175034673831675,0.4117647058823529,0.01873471428571428,-0.012773699999999999,1.0266641615193717,0.010448635143794217,0.04308082634140433,42.0035294117647,0.0654
signal_blend,momentum,1.0,ret_open+30m,BMO,8,-0.00017937500000000006,-0.002118,0.01237832222577034,0.375,0.011785000000000002,-0.007358000000000001,0.9609948355531395,-0.01449105918624097,-0.040986904868666414,38.206250000000004,0.030546999999999998
signal_blend,momentum,1.0,ret_open+30m,ALL,8,-0.00017937500000000006,-0.002118,0.01237832222577034,0.375,0.011785000000000002,-0.007358000000000001,0.9609948355531395,-0.01449105918624097,-0.040986904868666414,38.206250000000004,0.030546999999999998
level_z,momentum,1.0,ret_open+30m,BMO,17,-0.0006749411764705875,-0.001993,0.009701272709486293,0.35294117647058826,0.010407000000000001,-0.006719636363636364,0.8447697386222198,-0.06957243618258488,-0.2868545030123414,33.250588235294124,0.052203
level_z,momentum,1.0,ret_open+30m,ALL,17,-0.0006749411764705875,-0.001993,0.009701272709486293,0.35294117647058826,0.010407000000000001,-0.006719636363636364,0.8447697386222198,-0.06957243618258488,-0.2868545030123414,33.250588235294124,0.052203
drift_z,momentum,1.5,ret_open+30m,BMO,7,-0.001211285714285714,-0.002243,0.012993132823589104,0.2857142857142857,0.014155500000000001,-0.007358000000000001,0.7695297635226964,-0.09322506979122218,-0.24665035062421406,27.88714285714286,0.034547
drift_z,momentum,1.5,ret_open+30m,ALL,7,-0.001211285714285714,-0.002243,0.012993132823589104,0.2857142857142857,0.014155500000000001,-0.007358000000000001,0.7695297635226964,-0.09322506979122218,-0.24665035062421406,27.88714285714286,0.034547
drift_z,fade,2.0,ret_t1_close,BMO,4,-0.0016115,-0.0009245,0.015227265688012848,0.5,0.0091105,-0.0123335,0.7386792070377427,-0.10582989966928857,-0.21165979933857715,23.885,0.024667
drift_z,fade,2.0,ret_t1_close,ALL,4,-0.0016115,-0.0009245,0.015227265688012848,0.5,0.0091105,-0.0123335,0.7386792070377427,-0.10582989966928857,-0.21165979933857715,23.885,0.024667
level_z,momentum,1.5,ret_open+30m,BMO,8,-0.00165125,-0.0029965,0.00694432382288894,0.25,0.008432,-0.005012333333333333,0.5607501496309105,-0.23778413019239877,-0.6725550836703602,23.4875,0.024914999999999996
level_z,momentum,1.5,ret_open+30m,ALL,8,-0.00165125,-0.0029965,0.00694432382288894,0.25,0.008432,-0.005012333333333333,0.5607501496309105,-0.23778413019239877,-0.6725550836703602,23.4875,0.024914999999999996
level_z,momentum,1.0,ret_close,ALL,17,-0.0016568235294117642,-0.002495,0.02320508239113604,0.47058823529411764,0.018703375,-0.019754777777777777,0.841579814728364,-0.0713991659880787,-0.2943863029498564,23.431764705882358,0.09979400000000001
level_z,momentum,1.0,ret_close,BMO,17,-0.0016568235294117642,-0.002495,0.02320508239113604,0.47058823529411764,0.018703375,-0.019754777777777777,0.841579814728364,-0.0713991659880787,-0.2943863029498564,23.431764705882358,0.09979400000000001
drift_z,momentum,1.0,ret_open+60m,BMO,14,-0.0016747857142857148,-0.0013245,0.015979176546505634,0.2857142857142857,0.01417475,-0.0080146,0.7074464103012004,-0.10481051444743948,-0.39216503559383886,23.252142857142854,0.07259200000000003
drift_z,momentum,1.0,ret_open+60m,ALL,14,-0.0016747857142857148,-0.0013245,0.015979176546505634,0.2857142857142857,0.01417475,-0.0080146,0.7074464103012004,-0.10481051444743948,-0.39216503559383886,23.252142857142854,0.07259200000000003
level_z,fade,1.5,ret_close,ALL,8,-0.002259250000000001,-0.0047525,0.016365044941232868,0.25,0.0220715,-0.010369500000000002,0.709500618801935,-0.13805339417722365,-0.3904739647541371,17.40749999999999,0.041483000000000006
level_z,fade,1.5,ret_close,BMO,8,-0.002259250000000001,-0.0047525,0.016365044941232868,0.25,0.0220715,-0.010369500000000002,0.709500618801935,-0.13805339417722365,-0.3904739647541371,17.40749999999999,0.041483000000000006
signal_blend,momentum,1.0,ret_open+60m,BMO,8,-0.0023345000000000006,-0.002745,0.021510644912959457,0.25,0.025152,-0.011496666666666667,0.7292548564801392,-0.10852766197602663,-0.30696258291827944,16.654999999999994,0.052678000000000016
signal_blend,momentum,1.0,ret_open+60m,ALL,8,-0.0023345000000000006,-0.002745,0.021510644912959457,0.25,0.025152,-0.011496666666666667,0.7292548564801392,-0.10852766197602663,-0.30696258291827944,16.654999999999994,0.052678000000000016
drift_z,fade,1.0,ret_close,BMO,14,-0.002363642857142857,-0.0047525,0.02118416389522042,0.35714285714285715,0.0216122,-0.015683555555555555,0.7655647812287464,-0.11157593326948075,-0.417478914903949,16.36357142857143,0.060821999999999994
drift_z,fade,1.0,ret_close,ALL,14,-0.002363642857142857,-0.0047525,0.02118416389522042,0.35714285714285715,0.0216122,-0.015683555555555555,0.7655647812287464,-0.11157593326948075,-0.417478914903949,16.36357142857143,0.060821999999999994
level_z,momentum,1.5,ret_open+60m,BMO,8,-0.0023901250000000003,-0.002745,0.007098790106922647,0.125,0.012781999999999998,-0.004557571428571429,0.4006519763031689,-0.3366946992374351,-0.9523164200814219,16.09875,0.030744
level_z,momentum,1.5,ret_open+60m,ALL,8,-0.0023901250000000003,-0.002745,0.007098790106922647,0.125,0.012781999999999998,-0.004557571428571429,0.4006519763031689,-0.3366946992374351,-0.9523164200814219,16.09875,0.030744
drift_z,momentum,1.5,ret_open+60m,BMO,7,-0.002455142857142858,-0.004,0.02323122843952777,0.2857142857142857,0.025152,-0.013498000000000001,0.7453548673877611,-0.10568286836547351,-0.27961058753501805,15.448571428571421,0.05118800000000001
drift_z,momentum,1.5,ret_open+60m,ALL,7,-0.002455142857142858,-0.004,0.02323122843952777,0.2857142857142857,0.025152,-0.013498000000000001,0.7453548673877611,-0.10568286836547351,-0.27961058753501805,15.448571428571421,0.05118800000000001
drift_z,momentum,1.0,ret_open+30m,BMO,14,-0.002623571428571429,-0.003236,0.009833564466148076,0.21428571428571427,0.011785000000000002,-0.006553181818181819,0.49046264826246794,-0.2667976030058115,-0.998265222060276,13.76428571428571,0.06388200000000001
drift_z,momentum,1.0,ret_open+30m,ALL,14,-0.002623571428571429,-0.003236,0.009833564466148076,0.21428571428571427,0.011785000000000002,-0.006553181818181819,0.49046264826246794,-0.2667976030058115,-0.998265222060276,13.76428571428571,0.06388200000000001
drift_z,momentum,1.5,ret_open+120m,BMO,7,-0.0027531428571428576,-0.004,0.026739636456195953,0.2857142857142857,0.028978999999999998,-0.015446000000000001,0.7504596659329275,-0.10296111772697326,-0.2724095122148152,12.468571428571424,0.05917000000000001
drift_z,momentum,1.5,ret_open+120m,ALL,7,-0.0027531428571428576,-0.004,0.026739636456195953,0.2857142857142857,0.028978999999999998,-0.015446000000000001,0.7504596659329275,-0.10296111772697326,-0.2724095122148152,12.468571428571424,0.05917000000000001
signal_blend,fade,1.5,ret_t1_close,BMO,3,-0.002865666666666667,-0.004,0.0183947499665892,0.3333333333333333,0.01607,-0.0123335,0.6514776827340171,-0.15578720405939966,-0.26983135259998065,11.343333333333332,0.024667
signal_blend,fade,1.5,ret_t1_close,ALL,3,-0.002865666666666667,-0.004,0.0183947499665892,0.3333333333333333,0.01607,-0.0123335,0.6514776827340171,-0.15578720405939966,-0.26983135259998065,11.343333333333332,0.024667
drift_z,fade,1.0,ret_open+120m,ALL,14,-0.003213214285714286,-0.002745,0.019173545706273255,0.42857142857142855,0.011384333333333335,-0.014161374999999999,0.6029252102991413,-0.16758581510893822,-0.6270487030208907,7.867857142857143,0.075738
drift_z,fade,1.0,ret_open+120m,BMO,14,-0.003213214285714286,-0.002745,0.019173545706273255,0.42857142857142855,0.011384333333333335,-0.014161374999999999,0.6029252102991413,-0.16758581510893822,-0.6270487030208907,7.867857142857143,0.075738
signal_blend,momentum,1.0,ret_open+120m,ALL,8,-0.0032227500000000004,-0.005255,0.024791699865363923,0.25,0.028978999999999998,-0.013956666666666668,0.6921184619058991,-0.12999310323623478,-0.3676760192232982,7.772499999999997,0.06568000000000002
signal_blend,momentum,1.0,ret_open+120m,BMO,8,-0.0032227500000000004,-0.005255,0.024791699865363923,0.25,0.028978999999999998,-0.013956666666666668,0.6921184619058991,-0.12999310323623478,-0.3676760192232982,7.772499999999997,0.06568000000000002
signal_blend,fade,1.0,ret_close,ALL,8,-0.0032413750000000003,-0.004250500000000001,0.023645738800272542,0.375,0.020751333333333333,-0.017637,0.7059477235357488,-0.1370807242429084,-0.38772283872849483,7.586249999999998,0.08268
signal_blend,fade,1.0,ret_close,BMO,8,-0.0032413750000000003,-0.004250500000000001,0.023645738800272542,0.375,0.020751333333333333,-0.017637,0.7059477235357488,-0.1370807242429084,-0.38772283872849483,7.586249999999998,0.08268
level_z,fade,1.5,ret_open+120m,ALL,8,-0.0032421249999999998,-0.002745,0.011729151941545354,0.375,0.006703333333333335,-0.009209400000000001,0.43672769127196126,-0.2764159775709103,-0.7818224486747973,7.578750000000003,0.038025
level_z,fade,1.5,ret_open+120m,BMO,8,-0.0032421249999999998,-0.002745,0.011729151941545354,0.375,0.006703333333333335,-0.009209400000000001,0.43672769127196126,-0.2764159775709103,-0.7818224486747973,7.578750000000003,0.038025
drift_z,fade,1.5,ret_close,BMO,7,-0.0032764285714285716,-0.005505,0.02554009244865246,0.42857142857142855,0.020751333333333333,-0.02129725,0.7307751000716055,-0.12828569739971485,-0.3394120520861309,7.235714285714285,0.079684
drift_z,fade,1.5,ret_close,ALL,7,-0.0032764285714285716,-0.005505,0.02554009244865246,0.42857142857142855,0.020751333333333333,-0.02129725,0.7307751000716055,-0.12828569739971485,-0.3394120520861309,7.235714285714285,0.079684
signal_blend,momentum,3.0,ret_open+30m,BMO,1,-0.004,-0.004,0.0,0.0,0.0,-0.004,0.0,0.0,0.0,0.0,0.0
signal_blend,momentum,3.0,ret_open+30m,ALL,1,-0.004,-0.004,0.0,0.0,0.0,-0.004,0.0,0.0,0.0,0.0,0.0
signal_blend,momentum,2.5,ret_open+120m,ALL,1,-0.004,-0.004,0.0,0.0,0.0,-0.004,0.0,0.0,0.0,0.0,0.0
signal_blend,momentum,2.5,ret_open+120m,BMO,1,-0.004,-0.004,0.0,0.0,0.0,-0.004,0.0,0.0,0.0,0.0,0.0
signal_blend,momentum,2.5,ret_open+30m,BMO,1,-0.004,-0.004,0.0,0.0,0.0,-0.004,0.0,0.0,0.0,0.0,0.0
signal_blend,momentum,2.5,ret_open+30m,ALL,1,-0.004,-0.004,0.0,0.0,0.0,-0.004,0.0,0.0,0.0,0.0,0.0
signal_blend,momentum,2.5,ret_open+60m,BMO,1,-0.004,-0.004,0.0,0.0,0.0,-0.004,0.0,0.0,0.0,0.0,0.0
signal_blend,momentum,2.5,ret_open+60m,ALL,1,-0.004,-0.004,0.0,0.0,0.0,-0.004,0.0,0.0,0.0,0.0,0.0
signal_blend,fade,3.0,ret_open+120m,ALL,1,-0.004,-0.004,0.0,0.0,0.0,-0.004,0.0,0.0,0.0,0.0,0.0
signal_blend,fade,3.0,ret_open+120m,BMO,1,-0.004,-0.004,0.0,0.0,0.0,-0.004,0.0,0.0,0.0,0.0,0.0
signal_blend,fade,2.5,ret_open+30m,BMO,1,-0.004,-0.004,0.0,0.0,0.0,-0.004,0.0,0.0,0.0,0.0,0.0
signal_blend,fade,2.5,ret_open+30m,ALL,1,-0.004,-0.004,0.0,0.0,0.0,-0.004,0.0,0.0,0.0,0.0,0.0
signal_blend,fade,2.5,ret_open+120m,ALL,1,-0.004,-0.004,0.0,0.0,0.0,-0.004,0.0,0.0,0.0,0.0,0.0
signal_blend,fade,2.5,ret_open+120m,BMO,1,-0.004,-0.004,0.0,0.0,0.0,-0.004,0.0,0.0,0.0,0.0,0.0
signal_blend,fade,2.5,ret_open+60m,BMO,1,-0.004,-0.004,0.0,0.0,0.0,-0.004,0.0,0.0,0.0,0.0,0.0
signal_blend,fade,2.5,ret_open+60m,ALL,1,-0.004,-0.004,0.0,0.0,0.0,-0.004,0.0,0.0,0.0,0.0,0.0
signal_blend,fade,3.0,ret_open+30m,BMO,1,-0.004,-0.004,0.0,0.0,0.0,-0.004,0.0,0.0,0.0,0.0,0.0
signal_blend,fade,3.0,ret_open+30m,ALL,1,-0.004,-0.004,0.0,0.0,0.0,-0.004,0.0,0.0,0.0,0.0,0.0
level_z,fade,3.0,ret_open+120m,BMO,1,-0.004,-0.004,0.0,0.0,0.0,-0.004,0.0,0.0,0.0,0.0,0.0
level_z,fade,3.0,ret_open+120m,ALL,1,-0.004,-0.004,0.0,0.0,0.0,-0.004,0.0,0.0,0.0,0.0,0.0
level_z,fade,3.0,ret_open+60m,ALL,1,-0.004,-0.004,0.0,0.0,0.0,-0.004,0.0,0.0,0.0,0.0,0.0
level_z,fade,3.0,ret_open+60m,BMO,1,-0.004,-0.004,0.0,0.0,0.0,-0.004,0.0,0.0,0.0,0.0,0.0
signal_blend,fade,3.0,ret_open+60m,ALL,1,-0.004,-0.004,0.0,0.0,0.0,-0.004,0.0,0.0,0.0,0.0,0.0
signal_blend,fade,3.0,ret_open+60m,BMO,1,-0.004,-0.004,0.0,0.0,0.0,-0.004,0.0,0.0,0.0,0.0,0.0
level_z,momentum,3.0,ret_open+30m,ALL,1,-0.004,-0.004,0.0,0.0,0.0,-0.004,0.0,0.0,0.0,0.0,0.0
level_z,momentum,3.0,ret_open+30m,BMO,1,-0.004,-0.004,0.0,0.0,0.0,-0.004,0.0,0.0,0.0,0.0,0.0
level_z,momentum,3.0,ret_open+60m,BMO,1,-0.004,-0.004,0.0,0.0,0.0,-0.004,0.0,0.0,0.0,0.0,0.0
level_z,momentum,3.0,ret_open+60m,ALL,1,-0.004,-0.004,0.0,0.0,0.0,-0.004,0.0,0.0,0.0,0.0,0.0
level_z,momentum,3.0,ret_open+120m,BMO,1,-0.004,-0.004,0.0,0.0,0.0,-0.004,0.0,0.0,0.0,0.0,0.0
level_z,momentum,3.0,ret_open+120m,ALL,1,-0.004,-0.004,0.0,0.0,0.0,-0.004,0.0,0.0,0.0,0.0,0.0
level_z,fade,3.0,ret_open+30m,ALL,1,-0.004,-0.004,0.0,0.0,0.0,-0.004,0.0,0.0,0.0,0.0,0.0
level_z,fade,3.0,ret_open+30m,BMO,1,-0.004,-0.004,0.0,0.0,0.0,-0.004,0.0,0.0,0.0,0.0,0.0
signal_blend,momentum,3.0,ret_open+120m,BMO,1,-0.004,-0.004,0.0,0.0,0.0,-0.004,0.0,0.0,0.0,0.0,0.0
signal_blend,momentum,3.0,ret_open+120m,ALL,1,-0.004,-0.004,0.0,0.0,0.0,-0.004,0.0,0.0,0.0,0.0,0.0
signal_blend,momentum,3.0,ret_open+60m,BMO,1,-0.004,-0.004,0.0,0.0,0.0,-0.004,0.0,0.0,0.0,0.0,0.0
signal_blend,momentum,3.0,ret_open+60m,ALL,1,-0.004,-0.004,0.0,0.0,0.0,-0.004,0.0,0.0,0.0,0.0,0.0
drift_z,momentum,1.5,ret_close,BMO,7,-0.0047235714285714285,-0.002495,0.02554009244865246,0.42857142857142855,0.018561333333333336,-0.02218725,0.6274324217737667,-0.1849473112937245,-0.4893245913332426,-7.235714285714285,0.069811
drift_z,momentum,1.5,ret_close,ALL,7,-0.0047235714285714285,-0.002495,0.02554009244865246,0.42857142857142855,0.018561333333333336,-0.02218725,0.6274324217737667,-0.1849473112937245,-0.4893245913332426,-7.235714285714285,0.069811
level_z,momentum,1.5,ret_open+120m,BMO,8,-0.004757875,-0.005255,0.011729151941545354,0.125,0.018705,-0.008109714285714288,0.3294990135287485,-0.40564526947147167,-1.1473380831980882,-7.5787499999999985,0.055609
level_z,momentum,1.5,ret_open+120m,ALL,8,-0.004757875,-0.005255,0.011729151941545354,0.125,0.018705,-0.008109714285714288,0.3294990135287485,-0.40564526947147167,-1.1473380831980882,-7.5787499999999985,0.055609
signal_blend,momentum,1.0,ret_close,BMO,8,-0.004758624999999998,-0.0037495,0.023645738800272542,0.375,0.018561333333333336,-0.018750599999999996,0.593943660469532,-0.20124661953658854,-0.5692113974607637,-7.58624999999998,0.07481499999999999
signal_blend,momentum,1.0,ret_close,ALL,8,-0.004758624999999998,-0.0037495,0.023645738800272542,0.375,0.018561333333333336,-0.018750599999999996,0.593943660469532,-0.20124661953658854,-0.5692113974607637,-7.58624999999998,0.07481499999999999
signal_blend,fade,1.0,ret_open+120m,BMO,8,-0.00477725,-0.002745,0.024791699865363927,0.375,0.016080333333333335,-0.017291800000000003,0.5579638903989175,-0.19269554027935845,-0.5450252929437596,-7.772500000000002,0.08527799999999999
signal_blend,fade,1.0,ret_open+120m,ALL,8,-0.00477725,-0.002745,0.024791699865363927,0.375,0.016080333333333335,-0.017291800000000003,0.5579638903989175,-0.19269554027935845,-0.5450252929437596,-7.772500000000002,0.08527799999999999
drift_z,momentum,1.0,ret_open+120m,BMO,14,-0.004786785714285716,-0.005255,0.019173545706273252,0.21428571428571427,0.021575666666666663,-0.011976545454545455,0.49131636076573904,-0.24965573856897852,-0.9341262383671224,-7.867857142857155,0.12381400000000001
drift_z,momentum,1.0,ret_open+120m,ALL,14,-0.004786785714285716,-0.005255,0.019173545706273252,0.21428571428571427,0.021575666666666663,-0.011976545454545455,0.49131636076573904,-0.24965573856897852,-0.9341262383671224,-7.867857142857155,0.12381400000000001
signal_blend,momentum,1.5,ret_t1_close,BMO,3,-0.005134333333333334,-0.004,0.0183947499665892,0.3333333333333333,0.012667000000000001,-0.014035,0.45126469540434627,-0.27911949565277805,-0.4834491478536119,-11.343333333333335,0.004
signal_blend,momentum,1.5,ret_t1_close,ALL,3,-0.005134333333333334,-0.004,0.0183947499665892,0.3333333333333333,0.012667000000000001,-0.014035,0.45126469540434627,-0.27911949565277805,-0.4834491478536119,-11.343333333333335,0.004
drift_z,fade,1.5,ret_open+120m,BMO,7,-0.0052468571428571425,-0.004,0.026739636456195953,0.42857142857142855,0.016080333333333335,-0.02124225,0.5677482375925338,-0.1962202123223471,-0.5191498840092221,-12.468571428571424,0.083788
drift_z,fade,1.5,ret_open+120m,ALL,7,-0.0052468571428571425,-0.004,0.026739636456195953,0.42857142857142855,0.016080333333333335,-0.02124225,0.5677482375925338,-0.1962202123223471,-0.5191498840092221,-12.468571428571424,0.083788
drift_z,fade,1.0,ret_open+30m,BMO,14,-0.005376428571428573,-0.004764,0.009833564466148078,0.14285714285714285,0.0093685,-0.007833916666666668,0.1993149446317827,-0.5467425967396523,-2.045723475754886,-13.764285714285727,0.068429
drift_z,fade,1.0,ret_open+30m,ALL,14,-0.005376428571428573,-0.004764,0.009833564466148078,0.14285714285714285,0.0093685,-0.007833916666666668,0.1993149446317827,-0.5467425967396523,-2.045723475754886,-13.764285714285727,0.068429
drift_z,fade,1.5,ret_open+60m,BMO,7,-0.005544857142857143,-0.004,0.02323122843952777,0.42857142857142855,0.012833666666666667,-0.019328750000000002,0.497975813231585,-0.23868118542636374,-0.6314910592682526,-15.44857142857143,0.075616
drift_z,fade,1.5,ret_open+60m,ALL,7,-0.005544857142857143,-0.004,0.02323122843952777,0.42857142857142855,0.012833666666666667,-0.019328750000000002,0.497975813231585,-0.23868118542636374,-0.6314910592682526,-15.44857142857143,0.075616
level_z,fade,1.5,ret_open+60m,ALL,8,-0.005609875,-0.005255,0.007098790106922647,0.25,0.0018314999999999998,-0.008090333333333333,0.07546042602282559,-0.7902579052913994,-2.2351868948713003,-16.098750000000003,0.040002
level_z,fade,1.5,ret_open+60m,BMO,8,-0.005609875,-0.005255,0.007098790106922647,0.25,0.0018314999999999998,-0.008090333333333333,0.07546042602282559,-0.7902579052913994,-2.2351868948713003,-16.098750000000003,0.040002
drift_z,momentum,1.0,ret_close,BMO,14,-0.005636357142857142,-0.0032475,0.021184163895220424,0.42857142857142855,0.013441833333333335,-0.019944999999999997,0.5054587615943847,-0.2660646495530946,-0.9955227613597565,-16.363571428571415,0.11792599999999999
drift_z,momentum,1.0,ret_close,ALL,14,-0.005636357142857142,-0.0032475,0.021184163895220424,0.42857142857142855,0.013441833333333335,-0.019944999999999997,0.5054587615943847,-0.2660646495530946,-0.9955227613597565,-16.363571428571415,0.11792599999999999
signal_blend,fade,1.0,ret_open+60m,ALL,8,-0.0056655,-0.005255,0.021510644912959457,0.375,0.012833666666666667,-0.016765000000000002,0.45930211750671035,-0.26338122464132735,-0.7449545999243999,-16.655000000000005,0.082126
signal_blend,fade,1.0,ret_open+60m,BMO,8,-0.0056655,-0.005255,0.021510644912959457,0.375,0.012833666666666667,-0.016765000000000002,0.45930211750671035,-0.26338122464132735,-0.7449545999243999,-16.655000000000005,0.082126
level_z,momentum,1.5,ret_close,BMO,8,-0.005740749999999999,-0.0032475,0.016365044941232865,0.375,0.008572000000000001,-0.0143284,0.358951453058262,-0.35079341490445787,-0.992193609898113,-17.40749999999999,0.06441299999999998
level_z,momentum,1.5,ret_close,ALL,8,-0.005740749999999999,-0.0032475,0.016365044941232865,0.375,0.008572000000000001,-0.0143284,0.358951453058262,-0.35079341490445787,-0.992193609898113,-17.40749999999999,0.06441299999999998
drift_z,fade,1.0,ret_open+60m,BMO,14,-0.0063252142857142864,-0.0066755,0.015979176546505634,0.21428571428571427,0.012833666666666667,-0.011550363636363636,0.3030286334944197,-0.3958410664845868,-1.481101650400529,-23.252142857142864,0.09001400000000001
drift_z,fade,1.0,ret_open+60m,ALL,14,-0.0063252142857142864,-0.0066755,0.015979176546505634,0.21428571428571427,0.012833666666666667,-0.011550363636363636,0.3030286334944197,-0.3958410664845868,-1.481101650400529,-23.252142857142864,0.09001400000000001
level_z,fade,1.0,ret_close,BMO,17,-0.006343176470588235,-0.005505,0.02320508239113604,0.35294117647058826,0.019715666666666663,-0.02055709090909091,0.523128493596547,-0.27335289587298445,-1.1270628627527808,-23.431764705882347,0.12621300000000002
level_z,fade,1.0,ret_close,ALL,17,-0.006343176470588235,-0.005505,0.02320508239113604,0.35294117647058826,0.019715666666666663,-0.02055709090909091,0.523128493596547,-0.27335289587298445,-1.1270628627527808,-23.431764705882347,0.12621300000000002
level_z,fade,1.5,ret_open+30m,ALL,8,-0.00634875,-0.0050035,0.00694432382288894,0.125,0.0029579999999999997,-0.007678285714285715,0.05503460593882562,-0.9142358798237649,-2.5858495609097347,-23.4875,0.046907000000000004
level_z,fade,1.5,ret_open+30m,BMO,8,-0.00634875,-0.0050035,0.00694432382288894,0.125,0.0029579999999999997,-0.007678285714285715,0.05503460593882562,-0.9142358798237649,-2.5858495609097347,-23.4875,0.046907000000000004
drift_z,momentum,2.0,ret_t1_close,ALL,4,-0.006388500000000001,-0.0070755,0.015227265688012848,0.25,0.012667000000000001,-0.012740333333333334,0.33141466732947855,-0.4195434775285449,-0.8390869550570897,-23.88500000000001,0.02407
drift_z,momentum,2.0,ret_t1_close,BMO,4,-0.006388500000000001,-0.0070755,0.015227265688012848,0.25,0.012667000000000001,-0.012740333333333334,0.33141466732947855,-0.4195434775285449,-0.8390869550570897,-23.88500000000001,0.02407
drift_z,fade,1.5,ret_open+30m,BMO,7,-0.006788714285714287,-0.005757,0.012993132823589104,0.14285714285714285,0.015,-0.010420166666666668,0.2399193870859391,-0.5224847908419237,-1.3823648203813281,-27.887142857142866,0.05676400000000001
drift_z,fade,1.5,ret_open+30m,ALL,7,-0.006788714285714287,-0.005757,0.012993132823589104,0.14285714285714285,0.015,-0.010420166666666668,0.2399193870859391,-0.5224847908419237,-1.3823648203813281,-27.887142857142866,0.05676400000000001
level_z,fade,1.0,ret_open+30m,BMO,17,-0.007325058823529412,-0.006007,0.009701272709486293,0.23529411764705882,0.004174499999999999,-0.010863384615384615,0.11823769330991898,-0.755061633961354,-3.1131988706741214,-33.25058823529412,0.11768500000000001
level_z,fade,1.0,ret_open+30m,ALL,17,-0.007325058823529412,-0.006007,0.009701272709486293,0.23529411764705882,0.004174499999999999,-0.010863384615384615,0.11823769330991898,-0.755061633961354,-3.1131988706741214,-33.25058823529412,0.11768500000000001
signal_blend,fade,1.0,ret_open+30m,ALL,8,-0.007820625000000001,-0.005882,0.01237832222577034,0.125,0.015,-0.011080714285714287,0.19338619222587505,-0.6318000822210217,-1.7870004899708107,-38.20625000000001,0.07180800000000001
signal_blend,fade,1.0,ret_open+30m,BMO,8,-0.007820625000000001,-0.005882,0.01237832222577034,0.125,0.015,-0.011080714285714287,0.19338619222587505,-0.6318000822210217,-1.7870004899708107,-38.20625000000001,0.07180800000000001
level_z,fade,1.0,ret_open+120m,ALL,17,-0.008200352941176471,-0.006841,0.01917503467383168,0.35294117647058826,0.011179833333333333,-0.018771363636363638,0.3248613700753081,-0.42765778944679345,-1.763278237507287,-42.00352941176471,0.13261800000000004
level_z,fade,1.0,ret_open+120m,BMO,17,-0.008200352941176471,-0.006841,0.01917503467383168,0.35294117647058826,0.011179833333333333,-0.018771363636363638,0.3248613700753081,-0.42765778944679345,-1.763278237507287,-42.00352941176471,0.13261800000000004
level_z,fade,1.0,ret_open+60m,ALL,17,-0.009471823529411767,-0.006841,0.015370766056199404,0.23529411764705882,0.006804999999999999,-0.014480076923076922,0.14460186675591397,-0.6162232574993587,-2.540753579632046,-54.71823529411767,0.15418000000000004
level_z,fade,1.0,ret_open+60m,BMO,17,-0.009471823529411767,-0.006841,0.015370766056199404,0.23529411764705882,0.006804999999999999,-0.014480076923076922,0.14460186675591397,-0.6162232574993587,-2.540753579632046,-54.71823529411767,0.15418000000000004
level_z,fade,2.0,ret_open+60m,ALL,3,-0.010430666666666666,-0.00651,0.009051939092444962,0.0,0.0,-0.010430666666666666,0.0,-1.1523129530745997,-1.9958645809449382,-64.30666666666666,0.024782
level_z,fade,2.0,ret_open+60m,BMO,3,-0.010430666666666666,-0.00651,0.009051939092444962,0.0,0.0,-0.010430666666666666,0.0,-1.1523129530745997,-1.9958645809449382,-64.30666666666666,0.024782
level_z,fade,2.5,ret_open+60m,ALL,3,-0.010430666666666666,-0.00651,0.009051939092444962,0.0,0.0,-0.010430666666666666,0.0,-1.1523129530745997,-1.9958645809449382,-64.30666666666666,0.024782
level_z,fade,2.5,ret_open+60m,BMO,3,-0.010430666666666666,-0.00651,0.009051939092444962,0.0,0.0,-0.010430666666666666,0.0,-1.1523129530745997,-1.9958645809449382,-64.30666666666666,0.024782
level_z,momentum,1.0,ret_t1_close,ALL,15,-0.010441066666666669,0.0015970000000000003,0.02884098242696287,0.5333333333333333,0.010737875,-0.03464557142857143,0.35421142261018723,-0.36202187956348947,-1.402104710512102,-64.41066666666669,0.172424
level_z,momentum,1.0,ret_t1_close,BMO,15,-0.010441066666666669,0.0015970000000000003,0.02884098242696287,0.5333333333333333,0.010737875,-0.03464557142857143,0.35421142261018723,-0.36202187956348947,-1.402104710512102,-64.41066666666669,0.172424
level_z,momentum,2.0,ret_t1_close,BMO,3,-0.010660000000000003,-0.004,0.027273840011996845,0.3333333333333333,0.012667000000000001,-0.022323500000000003,0.2837144712970636,-0.39085071978537045,-0.6769733048431278,-66.60000000000002,0.004
level_z,momentum,2.0,ret_t1_close,ALL,3,-0.010660000000000003,-0.004,0.027273840011996845,0.3333333333333333,0.012667000000000001,-0.022323500000000003,0.2837144712970636,-0.39085071978537045,-0.6769733048431278,-66.60000000000002,0.004
level_z,momentum,2.5,ret_t1_close,ALL,3,-0.010660000000000003,-0.004,0.027273840011996845,0.3333333333333333,0.012667000000000001,-0.022323500000000003,0.2837144712970636,-0.39085071978537045,-0.6769733048431278,-66.60000000000002,0.004
level_z,momentum,2.5,ret_t1_close,BMO,3,-0.010660000000000003,-0.004,0.027273840011996845,0.3333333333333333,0.012667000000000001,-0.022323500000000003,0.2837144712970636,-0.39085071978537045,-0.6769733048431278,-66.60000000000002,0.004
level_z,fade,2.5,ret_open+120m,ALL,3,-0.010731666666666667,-0.004,0.013890124489482927,0.0,0.0,-0.010731666666666667,0.0,-0.7726112659963758,-1.3382019672058354,-67.31666666666668,0.030705000000000003
level_z,fade,2.5,ret_open+120m,BMO,3,-0.010731666666666667,-0.004,0.013890124489482927,0.0,0.0,-0.010731666666666667,0.0,-0.7726112659963758,-1.3382019672058354,-67.31666666666668,0.030705000000000003
level_z,fade,2.0,ret_open+120m,BMO,3,-0.010731666666666667,-0.004,0.013890124489482927,0.0,0.0,-0.010731666666666667,0.0,-0.7726112659963758,-1.3382019672058354,-67.31666666666668,0.030705000000000003
level_z,fade,2.0,ret_open+120m,ALL,3,-0.010731666666666667,-0.004,0.013890124489482927,0.0,0.0,-0.010731666666666667,0.0,-0.7726112659963758,-1.3382019672058354,-67.31666666666668,0.030705000000000003
signal_blend,fade,2.0,ret_open+30m,ALL,2,-0.010910000000000001,-0.010910000000000001,0.009772215715998088,0.0,0.0,-0.010910000000000001,0.0,-1.1164305329587891,-1.5788712011577426,-69.10000000000001,0.017820000000000003
signal_blend,fade,2.0,ret_open+30m,BMO,2,-0.010910000000000001,-0.010910000000000001,0.009772215715998088,0.0,0.0,-0.010910000000000001,0.0,-1.1164305329587891,-1.5788712011577426,-69.10000000000001,0.017820000000000003
drift_z,fade,2.5,ret_open+30m,BMO,2,-0.010910000000000001,-0.010910000000000001,0.009772215715998088,0.0,0.0,-0.010910000000000001,0.0,-1.1164305329587891,-1.5788712011577426,-69.10000000000001,0.017820000000000003
drift_z,fade,2.5,ret_open+30m,ALL,2,-0.010910000000000001,-0.010910000000000001,0.009772215715998088,0.0,0.0,-0.010910000000000001,0.0,-1.1164305329587891,-1.5788712011577426,-69.10000000000001,0.017820000000000003
drift_z,fade,3.0,ret_open+30m,ALL,2,-0.010910000000000001,-0.010910000000000001,0.009772215715998088,0.0,0.0,-0.010910000000000001,0.0,-1.1164305329587891,-1.5788712011577426,-69.10000000000001,0.017820000000000003
drift_z,fade,3.0,ret_open+30m,BMO,2,-0.010910000000000001,-0.010910000000000001,0.009772215715998088,0.0,0.0,-0.010910000000000001,0.0,-1.1164305329587891,-1.5788712011577426,-69.10000000000001,0.017820000000000003
drift_z,momentum,1.5,ret_t1_close,BMO,6,-0.011319500000000001,-0.012257,0.014699454938874434,0.16666666666666666,0.012667000000000001,-0.0161168,0.15719001290578777,-0.7700625667462169,-1.8862603585461446,-73.19500000000001,0.06643300000000002
drift_z,momentum,1.5,ret_t1_close,ALL,6,-0.011319500000000001,-0.012257,0.014699454938874434,0.16666666666666666,0.012667000000000001,-0.0161168,0.15719001290578777,-0.7700625667462169,-1.8862603585461446,-73.19500000000001,0.06643300000000002
drift_z,fade,2.0,ret_open+30m,ALL,5,-0.012015000000000001,-0.006007,0.009782017353286591,0.0,0.0,-0.012015000000000001,0.0,-1.2282742471278858,-2.7465047115903283,-80.15000000000002,0.054318000000000005
drift_z,fade,2.0,ret_open+30m,BMO,5,-0.012015000000000001,-0.006007,0.009782017353286591,0.0,0.0,-0.012015000000000001,0.0,-1.2282742471278858,-2.7465047115903283,-80.15000000000002,0.054318000000000005
level_z,fade,2.5,ret_open+30m,BMO,3,-0.012288000000000002,-0.015044,0.0073105917681128944,0.0,0.0,-0.012288000000000002,0.0,-1.680848881973879,-2.9113156634241015,-82.88000000000002,0.02182
level_z,fade,2.5,ret_open+30m,ALL,3,-0.012288000000000002,-0.015044,0.0073105917681128944,0.0,0.0,-0.012288000000000002,0.0,-1.680848881973879,-2.9113156634241015,-82.88000000000002,0.02182
level_z,fade,2.0,ret_open+30m,BMO,3,-0.012288000000000002,-0.015044,0.0073105917681128944,0.0,0.0,-0.012288000000000002,0.0,-1.680848881973879,-2.9113156634241015,-82.88000000000002,0.02182
level_z,fade,2.0,ret_open+30m,ALL,3,-0.012288000000000002,-0.015044,0.0073105917681128944,0.0,0.0,-0.012288000000000002,0.0,-1.680848881973879,-2.9113156634241015,-82.88000000000002,0.02182
drift_z,fade,2.5,ret_t1_close,ALL,2,-0.0123335,-0.0123335,0.011785348722036189,0.0,0.0,-0.0123335,0.0,-1.0465112480667527,-1.4799904001919961,-83.33500000000001,0.004
drift_z,fade,2.5,ret_t1_close,BMO,2,-0.0123335,-0.0123335,0.011785348722036189,0.0,0.0,-0.0123335,0.0,-1.0465112480667527,-1.4799904001919961,-83.33500000000001,0.004
drift_z,fade,3.0,ret_t1_close,BMO,2,-0.0123335,-0.0123335,0.011785348722036189,0.0,0.0,-0.0123335,0.0,-1.0465112480667527,-1.4799904001919961,-83.33500000000001,0.004
drift_z,fade,3.0,ret_t1_close,ALL,2,-0.0123335,-0.0123335,0.011785348722036189,0.0,0.0,-0.0123335,0.0,-1.0465112480667527,-1.4799904001919961,-83.33500000000001,0.004
signal_blend,fade,2.0,ret_t1_close,BMO,2,-0.0123335,-0.0123335,0.011785348722036189,0.0,0.0,-0.0123335,0.0,-1.0465112480667527,-1.4799904001919961,-83.33500000000001,0.004
signal_blend,fade,2.0,ret_t1_close,ALL,2,-0.0123335,-0.0123335,0.011785348722036189,0.0,0.0,-0.0123335,0.0,-1.0465112480667527,-1.4799904001919961,-83.33500000000001,0.004
drift_z,fade,2.5,ret_open+60m,ALL,2,-0.012391,-0.012391,0.011866666001872639,0.0,0.0,-0.012391,0.0,-1.0441854517557516,-1.4767012275056612,-83.91,0.020782
drift_z,fade,2.5,ret_open+60m,BMO,2,-0.012391,-0.012391,0.011866666001872639,0.0,0.0,-0.012391,0.0,-1.0441854517557516,-1.4767012275056612,-83.91,0.020782
drift_z,fade,3.0,ret_open+60m,BMO,2,-0.012391,-0.012391,0.011866666001872639,0.0,0.0,-0.012391,0.0,-1.0441854517557516,-1.4767012275056612,-83.91,0.020782
drift_z,fade,3.0,ret_open+60m,ALL,2,-0.012391,-0.012391,0.011866666001872639,0.0,0.0,-0.012391,0.0,-1.0441854517557516,-1.4767012275056612,-83.91,0.020782
signal_blend,fade,2.0,ret_open+60m,ALL,2,-0.012391,-0.012391,0.011866666001872639,0.0,0.0,-0.012391,0.0,-1.0441854517557516,-1.4767012275056612,-83.91,0.020782
signal_blend,fade,2.0,ret_open+60m,BMO,2,-0.012391,-0.012391,0.011866666001872639,0.0,0.0,-0.012391,0.0,-1.0441854517557516,-1.4767012275056612,-83.91,0.020782
signal_blend,fade,1.5,ret_open+30m,ALL,4,-0.013579500000000001,-0.0119135,0.010548273934630254,0.0,0.0,-0.013579500000000001,0.0,-1.2873670217662962,-2.5747340435325925,-95.79500000000002,0.04831100000000001
signal_blend,fade,1.5,ret_open+30m,BMO,4,-0.013579500000000001,-0.0119135,0.010548273934630254,0.0,0.0,-0.013579500000000001,0.0,-1.2873670217662962,-2.5747340435325925,-95.79500000000002,0.04831100000000001
drift_z,fade,2.0,ret_open+60m,ALL,5,-0.013802600000000002,-0.007011,0.020528410186860552,0.2,0.008302,-0.019328750000000002,0.1073789044816659,-0.6723657543064157,-1.5034555323720673,-98.02600000000001,0.07731500000000001
drift_z,fade,2.0,ret_open+60m,BMO,5,-0.013802600000000002,-0.007011,0.020528410186860552,0.2,0.008302,-0.019328750000000002,0.1073789044816659,-0.6723657543064157,-1.5034555323720673,-98.02600000000001,0.07731500000000001
level_z,fade,2.0,ret_close,BMO,3,-0.013827666666666669,-0.017820000000000003,0.009487892512741349,0.0,0.0,-0.013827666666666669,0.0,-1.4574012772696794,-2.524293059246861,-98.27666666666669,0.03848700000000001
level_z,fade,2.0,ret_close,ALL,3,-0.013827666666666669,-0.017820000000000003,0.009487892512741349,0.0,0.0,-0.013827666666666669,0.0,-1.4574012772696794,-2.524293059246861,-98.27666666666669,0.03848700000000001
level_z,fade,2.5,ret_close,ALL,3,-0.013827666666666669,-0.017820000000000003,0.009487892512741349,0.0,0.0,-0.013827666666666669,0.0,-1.4574012772696794,-2.524293059246861,-98.27666666666669,0.03848700000000001
level_z,fade,2.5,ret_close,BMO,3,-0.013827666666666669,-0.017820000000000003,0.009487892512741349,0.0,0.0,-0.013827666666666669,0.0,-1.4574012772696794,-2.524293059246861,-98.27666666666669,0.03848700000000001
drift_z,fade,2.0,ret_close,ALL,5,-0.0148502,-0.017820000000000003,0.019294900665719945,0.2,0.010938,-0.02129725,0.12839685874936904,-0.7696437653282885,-1.720975777732949,-108.502,0.085189
drift_z,fade,2.0,ret_close,BMO,5,-0.0148502,-0.017820000000000003,0.019294900665719945,0.2,0.010938,-0.02129725,0.12839685874936904,-0.7696437653282885,-1.720975777732949,-108.502,0.085189
drift_z,momentum,1.0,ret_t1_close,BMO,12,-0.014881666666666666,-0.012257,0.021344179408121097,0.3333333333333333,0.007505,-0.026075,0.1439117929050815,-0.6972236496946069,-2.4152535710193277,-108.81666666666666,0.180262
drift_z,momentum,1.0,ret_t1_close,ALL,12,-0.014881666666666666,-0.012257,0.021344179408121097,0.3333333333333333,0.007505,-0.026075,0.1439117929050815,-0.6972236496946069,-2.4152535710193277,-108.81666666666666,0.180262
drift_z,fade,2.0,ret_open+120m,ALL,5,-0.014981800000000003,-0.007011,0.022305207344922844,0.2,0.01006,-0.02124225,0.11839612093822452,-0.6716727519419446,-1.5019059319765422,-109.81800000000004,0.084969
drift_z,fade,2.0,ret_open+120m,BMO,5,-0.014981800000000003,-0.007011,0.022305207344922844,0.2,0.01006,-0.02124225,0.11839612093822452,-0.6716727519419446,-1.5019059319765422,-109.81800000000004,0.084969
drift_z,fade,3.0,ret_open+120m,ALL,2,-0.0153525,-0.0153525,0.01605485946684056,0.0,0.0,-0.0153525,0.0,-0.9562525309990285,-1.352345298392425,-113.52499999999999,0.026705
drift_z,fade,3.0,ret_open+120m,BMO,2,-0.0153525,-0.0153525,0.01605485946684056,0.0,0.0,-0.0153525,0.0,-0.9562525309990285,-1.352345298392425,-113.52499999999999,0.026705
drift_z,fade,2.5,ret_open+120m,BMO,2,-0.0153525,-0.0153525,0.01605485946684056,0.0,0.0,-0.0153525,0.0,-0.9562525309990285,-1.352345298392425,-113.52499999999999,0.026705
drift_z,fade,2.5,ret_open+120m,ALL,2,-0.0153525,-0.0153525,0.01605485946684056,0.0,0.0,-0.0153525,0.0,-0.9562525309990285,-1.352345298392425,-113.52499999999999,0.026705
signal_blend,fade,2.0,ret_open+120m,ALL,2,-0.0153525,-0.0153525,0.01605485946684056,0.0,0.0,-0.0153525,0.0,-0.9562525309990285,-1.352345298392425,-113.52499999999999,0.026705
signal_blend,fade,2.0,ret_open+120m,BMO,2,-0.0153525,-0.0153525,0.01605485946684056,0.0,0.0,-0.0153525,0.0,-0.9562525309990285,-1.352345298392425,-113.52499999999999,0.026705
signal_blend,momentum,1.0,ret_t1_close,ALL,7,-0.01550914285714286,-0.014363,0.017404981963301692,0.14285714285714285,0.012667000000000001,-0.02020516666666667,0.10448647623132697,-0.8910749169314741,-2.3575626297282186,-115.09142857142861,0.10708000000000001
signal_blend,momentum,1.0,ret_t1_close,BMO,7,-0.01550914285714286,-0.014363,0.017404981963301692,0.14285714285714285,0.012667000000000001,-0.02020516666666667,0.10448647623132697,-0.8910749169314741,-2.3575626297282186,-115.09142857142861,0.10708000000000001
level_z,momentum,1.5,ret_t1_close,BMO,8,-0.01698275,-0.0091815,0.029098313047568335,0.375,0.007265000000000001,-0.0315314,0.13824314809998925,-0.5836334901008704,-1.650764794311589,-129.82750000000001,0.146211
level_z,momentum,1.5,ret_t1_close,ALL,8,-0.01698275,-0.0091815,0.029098313047568335,0.375,0.007265000000000001,-0.0315314,0.13824314809998925,-0.5836334901008704,-1.650764794311589,-129.82750000000001,0.146211
drift_z,fade,3.0,ret_close,ALL,2,-0.019243500000000004,-0.019243500000000004,0.0020131330060381,0.0,0.0,-0.019243500000000004,0.0,-9.558980922910667,-13.518440463645952,-152.43500000000003,0.017820000000000006
drift_z,fade,3.0,ret_close,BMO,2,-0.019243500000000004,-0.019243500000000004,0.0020131330060381,0.0,0.0,-0.019243500000000004,0.0,-9.558980922910667,-13.518440463645952,-152.43500000000003,0.017820000000000006
drift_z,fade,2.5,ret_close,BMO,2,-0.019243500000000004,-0.019243500000000004,0.0020131330060381,0.0,0.0,-0.019243500000000004,0.0,-9.558980922910667,-13.518440463645952,-152.43500000000003,0.017820000000000006
drift_z,fade,2.5,ret_close,ALL,2,-0.019243500000000004,-0.019243500000000004,0.0020131330060381,0.0,0.0,-0.019243500000000004,0.0,-9.558980922910667,-13.518440463645952,-152.43500000000003,0.017820000000000006
signal_blend,fade,2.0,ret_close,BMO,2,-0.019243500000000004,-0.019243500000000004,0.0020131330060381,0.0,0.0,-0.019243500000000004,0.0,-9.558980922910667,-13.518440463645952,-152.43500000000003,0.017820000000000006
signal_blend,fade,2.0,ret_close,ALL,2,-0.019243500000000004,-0.019243500000000004,0.0020131330060381,0.0,0.0,-0.019243500000000004,0.0,-9.558980922910667,-13.518440463645952,-152.43500000000003,0.017820000000000006
signal_blend,fade,1.5,ret_open+60m,ALL,4,-0.019328750000000002,-0.013896499999999999,0.018928777234236062,0.0,0.0,-0.019328750000000002,0.0,-1.0211304069361924,-2.042260813872385,-153.28750000000002,0.070304
signal_blend,fade,1.5,ret_open+60m,BMO,4,-0.019328750000000002,-0.013896499999999999,0.018928777234236062,0.0,0.0,-0.019328750000000002,0.0,-1.0211304069361924,-2.042260813872385,-153.28750000000002,0.070304
signal_blend,fade,2.5,ret_t1_close,BMO,1,-0.020667,-0.020667,0.0,0.0,0.0,-0.020667,0.0,0.0,0.0,-166.67000000000002,0.0
signal_blend,fade,2.5,ret_t1_close,ALL,1,-0.020667,-0.020667,0.0,0.0,0.0,-0.020667,0.0,0.0,0.0,-166.67000000000002,0.0
level_z,fade,3.0,ret_t1_close,ALL,1,-0.020667,-0.020667,0.0,0.0,0.0,-0.020667,0.0,0.0,0.0,-166.67000000000002,0.0
level_z,fade,3.0,ret_t1_close,BMO,1,-0.020667,-0.020667,0.0,0.0,0.0,-0.020667,0.0,0.0,0.0,-166.67000000000002,0.0
signal_blend,fade,3.0,ret_close,BMO,1,-0.020667,-0.020667,0.0,0.0,0.0,-0.020667,0.0,0.0,0.0,-166.67000000000002,0.0
signal_blend,fade,3.0,ret_close,ALL,1,-0.020667,-0.020667,0.0,0.0,0.0,-0.020667,0.0,0.0,0.0,-166.67000000000002,0.0
signal_blend,fade,2.5,ret_close,BMO,1,-0.020667,-0.020667,0.0,0.0,0.0,-0.020667,0.0,0.0,0.0,-166.67000000000002,0.0
signal_blend,fade,2.5,ret_close,ALL,1,-0.020667,-0.020667,0.0,0.0,0.0,-0.020667,0.0,0.0,0.0,-166.67000000000002,0.0
level_z,fade,3.0,ret_close,BMO,1,-0.020667,-0.020667,0.0,0.0,0.0,-0.020667,0.0,0.0,0.0,-166.67000000000002,0.0
level_z,fade,3.0,ret_close,ALL,1,-0.020667,-0.020667,0.0,0.0,0.0,-0.020667,0.0,0.0,0.0,-166.67000000000002,0.0
signal_blend,fade,3.0,ret_t1_close,ALL,1,-0.020667,-0.020667,0.0,0.0,0.0,-0.020667,0.0,0.0,0.0,-166.67000000000002,0.0
signal_blend,fade,3.0,ret_t1_close,BMO,1,-0.020667,-0.020667,0.0,0.0,0.0,-0.020667,0.0,0.0,0.0,-166.67000000000002,0.0
signal_blend,fade,1.5,ret_open+120m,BMO,4,-0.02124225,-0.016857999999999998,0.020051803034058225,0.0,0.0,-0.02124225,0.0,-1.059368574682276,-2.118737149364552,-172.4225,0.077958
signal_blend,fade,1.5,ret_open+120m,ALL,4,-0.02124225,-0.016857999999999998,0.020051803034058225,0.0,0.0,-0.02124225,0.0,-1.059368574682276,-2.118737149364552,-172.4225,0.077958
signal_blend,fade,1.5,ret_close,BMO,4,-0.02129725,-0.019243500000000004,0.014808597646299935,0.0,0.0,-0.02129725,0.0,-1.4381679149288868,-2.8763358298577737,-172.9725,0.079684
signal_blend,fade,1.5,ret_close,ALL,4,-0.02129725,-0.019243500000000004,0.014808597646299935,0.0,0.0,-0.02129725,0.0,-1.4381679149288868,-2.8763358298577737,-172.9725,0.079684
